{
  "config": "107-dim (99+C+E) URFD+Le2i 80/20 LR=0.0002",
  "input_dim": 107,
  "epochs": 100,
  "best_epoch": 31,
  "init_lr": 0.0002,
  "loss": 0.4896889351111895,
  "accuracy": 0.9724409448818898,
  "f1_weighted": 0.9730710343899321,
  "fall_recall": 0.868421052631579,
  "fall_precision": 0.7857142857142857,
  "fall_f1": 0.825,
  "auc": 0.9893617021276596,
  "fpr": 0.019148936170009054,
  "specificity": 0.9808510638193526,
  "confusion": "TN=922 FP=18 FN=10 TP=66",
  "params": 654787
}